time,open,high,low,close,volume
2026-01-13,21343.974975585938,21414.9375,21210.462524414062,21292.01251220703,1289940
